Area Name,Total - Persons,Total - Males,Total - Females,Illiterate - Persons,Illiterate - Males,Illiterate - Females,Literate - Persons,Literate - Males,Literate - Females,Literate w/o education level - Persons,Literate w/o education level - Males,Literate w/o education level - Females,Bellow primary - Persons,Bellow primary - Males,Bellow primary - Females,Primary - Persons,Primary - Males,Primary - Females,Middle - Persons,Middle - Males,Middle - Females,Matric/Secondary - Persons,Matric/Secondary - Males,Matric/Secondary - Females,Higher second/Interm/Pre-University/Senior second - Persons,Higher second/Interm/Pre-University/Senior second - Males,Higher second/Interm/Pre-University/Senior second - Females,Non-technical diploma - Persons,Non-technical diploma - Males,Non-technical diploma - Females,Technical diploma - Persons,Technical diploma - Males,Technical diploma - Females,Graduate_Persons,Graduate_Males,Graduate_Females,Unclassified_Persons,Unclassified_Males,Unclassified_Females,illiterate_persons_rate,illiterate_males_rate,illiterate_females_rate,literate_persons_rate,literate_males_rate,literate_females_rate,literate_w_o_education_level_persons_rate,literate_w_o_education_level_males_rate,literate_w_o_education_level_females_rate,bellow_primary_persons_rate,bellow_primary_males_rate,bellow_primary_females_rate,primary_persons_rate,primary_males_rate,primary_females_rate,middle_persons_rate,middle_males_rate,middle_females_rate,matric_secondary_persons_rate,matric_secondary_males_rate,matric_secondary_females_rate,higher_second_interm_pre-university_senior_second_persons_rate,higher_second_interm_pre-university_senior_second_males_rate,higher_second_interm_pre-university_senior_second_females_rate,non-technical_diploma_persons_rate,non-technical_diploma_males_rate,non-technical_diploma_females_rate,technical_diploma_persons_rate,technical_diploma_males_rate,technical_diploma_females_rate,graduate_persons_rate,graduate_males_rate,graduate_females_rate,unclassified_persons_rate,unclassified_males_rate,unclassified_females_rate,State,Score_mean,Score_std,Rank_mean,TLR_mean,RPC_mean,GO_mean,OI_mean,PERCEPTION_mean,n_institutos,tiene_ranking
Andaman & Nicobar Islands,356152,192972,163180,103017,46141,56876,253135,146831,106304,1969,1224,745,53401,29312,24089,70777,40793,29984,56170,32982,23188,34656,20937,13719,18545,10779,7766,50,29,21,2647,1857,790,14903,8905,5998,17,13,4,0.2892500954648577,0.23910722799162573,0.34854761612942764,0.7107499045351423,0.7608927720083742,0.6514523838705724,0.0055285383768727955,0.006342889123810708,0.0045655104792253955,0.14993879017947392,0.15189768463818584,0.14762225762961148,0.1987269480446551,0.2113933627676554,0.1837480083343547,0.15771356050225746,0.17091598781170325,0.14210074764064223,0.09730676789685302,0.1084976058702817,0.08407280303958818,0.05207046429614322,0.05585784466140165,0.04759161661968379,0.00014038949661942092,0.000150280869763489,0.0001286922416962863,0.007432219951032144,0.009623157763820658,0.00484127956857458,0.0418444933623846,0.04614659121530585,0.036756955509253585,4.773242885060311e-05,6.736728644570196e-05,2.4512807942149773e-05,,,,,,,,,,,False
Andhra Pradesh,76210007,38527413,37682594,36275684,15082625,21193059,39934323,23444788,16489535,1491086,838354,652732,9808301,5253668,4554633,12365169,6789316,5575853,4086083,2422208,1663875,5756834,3659857,2096977,3163264,2065491,1097773,44127,34006,10121,389404,346447,42957,2826363,2032949,793414,3692,2492,1200,0.47599633470706804,0.3914777511794005,0.5624097693486813,0.524003665292932,0.6085222488205995,0.43759023065131875,0.019565488296044903,0.021759934932563472,0.01732184360768794,0.12870095917980956,0.13636181593609725,0.12086835104823197,0.1622512513350117,0.1762203966303162,0.14796892697992076,0.05361609532459431,0.0628697286267313,0.04415500164346435,0.07553908241997669,0.09499358288084384,0.05564842484039183,0.041507199966534576,0.05361094449814214,0.02913209743469359,0.0005790184483252967,0.0008826442616326199,0.00026858554376590953,0.005109617691020551,0.008992220681933666,0.0011399692919229498,0.0370865075501174,0.05276629915431903,0.021055185319779207,4.8445081496974535e-05,6.468121802001084e-05,3.184494146024024e-05,Andhra Pradesh,50.5025,4.467944666785225,60.416666666666664,62.40083333333333,30.123333333333335,78.02583333333332,60.38666666666666,11.012500000000001,12.0,True
Arunachal Pradesh,1097968,579941,518027,613183,276660,336523,484785,303281,181504,9346,5613,3733,148737,86467,62270,123639,73566,50073,80469,51569,28900,61928,42153,19775,31891,21905,9986,121,105,16,2573,2342,231,26047,19533,6514,34,28,6,0.5584707386736225,0.477048527350196,0.64962444042492,0.44152926132637743,0.522951472649804,0.35037555957508004,0.008512087783979133,0.009678570751162617,0.007206188094442954,0.13546569663232444,0.14909620116529096,0.12020608964397608,0.11260710694665053,0.1268508348263013,0.0966609848521409,0.07328902117365897,0.08892111438922236,0.055788597891615686,0.05640237238243737,0.07268498002383,0.03817368592756748,0.029045473092111973,0.037771083610229315,0.019276987492929904,0.00011020357606050449,0.00018105290020881435,3.088642097805713e-05,0.0023434198446584966,0.004038341831324221,0.0004459227028706998,0.02372291360039637,0.03368101237884544,0.012574634140691508,3.096629409964589e-05,4.828077338901716e-05,1.1582407866771422e-05,,,,,,,,,,,False
Assam,26655528,13777037,12878491,12640174,5588340,7051834,14015354,8188697,5826657,302290,188402,113888,4106789,2332683,1774106,3189339,1822109,1367230,2575642,1441104,1134538,2351739,1402118,949621,785043,506051,278992,1258,1033,225,21732,19493,2239,678887,473802,205085,2635,1902,733,0.4742046002615292,0.4056271315813407,0.5475667917926099,0.5257953997384708,0.5943728684186592,0.45243320820739014,0.011340611973621382,0.013675073965468772,0.008843272088321528,0.15406894209711397,0.16931674060249674,0.13775728848977725,0.11965019038452361,0.13225695771884768,0.10616383549905031,0.09662693607119693,0.10460188210280628,0.08809556958187105,0.08822706494502754,0.10177210092416823,0.07373697741451231,0.029451414355776407,0.03673148297416926,0.02166340761506919,4.719471323171689e-05,7.497983782724834e-05,1.7470990972467192e-05,0.000815290546861424,0.0014148905893190242,0.0001738557723882402,0.025468900859889176,0.034390703893732735,0.01592461414928193,9.885379122859619e-05,0.0001380558098232588,5.691660614585979e-05,Assam,54.645625,10.36668315245206,55.5625,62.683125,42.369375,76.82125,57.801875,19.825625,16.0,True
Bihar,82998509,43243795,39754714,51888932,22599419,29289513,31109577,20644376,10465201,1715049,1109731,605318,7890329,4754137,3136192,8334709,5130917,3203792,4390226,3012151,1378075,4751560,3439918,1311642,1826093,1385282,440811,24989,20088,4901,48532,40458,8074,2109415,1737651,371764,18675,14043,4632,0.6251790860484012,0.5226048962631518,0.7367557215981984,0.37482091395159883,0.47739510373684824,0.2632442784018016,0.02066361216199679,0.025662201941342104,0.015226320078670419,0.09506591256958603,0.10993801538463495,0.07888855646150542,0.10041998465297731,0.11865094171314058,0.08058898373662052,0.05289523935905885,0.06965510311941864,0.034664442561453214,0.05724873925144848,0.07954708877886411,0.03299337029565852,0.022001515713975055,0.03203423751315073,0.011088269934478714,0.0003010776976728582,0.00046452907289936047,0.00012328097744584453,0.0005847333956324444,0.0009355793125927084,0.0002030954115278002,0.025415095107310905,0.040182666669287465,0.009351444460146286,0.00022500404194007872,0.0003247402315176085,0.00011651448429486878,Bihar,50.55833333333334,3.7320365307251033,64.0,62.38833333333333,38.15833333333333,65.50833333333334,57.879999999999995,15.056666666666667,6.0,True
Chandigarh,900635,506938,393697,257390,124252,133138,643245,382686,260559,5945,3444,2501,88518,50888,37630,115349,66155,49194,90111,55766,34345,124607,79197,45410,69718,41533,28185,1223,359,864,8854,5966,2888,138441,79120,59321,479,258,221,0.28578725010686906,0.24510295144573893,0.3381737732316985,0.714212749893131,0.7548970485542611,0.6618262267683015,0.006600898255119999,0.006793730199748293,0.006352601112022698,0.09828398851921144,0.10038308432194865,0.0955811194903695,0.12807519139273957,0.13049919319522307,0.124953962057115,0.10005274056637817,0.1100055628104423,0.0872371392212793,0.13835460536177252,0.15622620517696445,0.1153425095949423,0.07740982751058975,0.08192915109934548,0.07159058870146331,0.0013579307932736347,0.000708173386094552,0.002194581111870296,0.009830841572890239,0.011768697552757931,0.007335590568381268,0.15371487894652106,0.15607431283510015,0.1506767895107151,0.0005318469746345634,0.0005089379766361962,0.0005613454001427493,Chandigarh,53.60666666666666,3.124161754241713,45.5,55.53666666666667,44.821666666666665,72.01666666666667,61.86333333333334,29.16,6.0,True
Chhattisgarh,20833803,10474218,10359585,9660654,3762823,5897831,11173149,6711395,4461754,689424,314493,374931,3797072,2165788,1631284,2936720,1702686,1234034,1559439,980634,578805,983606,682043,301563,589239,420526,168713,3097,2483,614,36806,33473,3333,576721,408596,168125,1025,673,352,0.46370093832604636,0.3592461986183599,0.5693115119958956,0.5362990616739536,0.6407538013816402,0.4306884880041044,0.033091605982834726,0.030025439607997466,0.03619170072932458,0.18225534723545192,0.20677324073262557,0.15746615332563998,0.1409593822116874,0.1625597252224462,0.11912002266500057,0.0748513845503867,0.09362360034897116,0.05587144658787008,0.047212023652138786,0.0651163647730074,0.029109563751829826,0.02828283439178147,0.04014867744780565,0.016285690980864582,0.00014865264877468603,0.00023705827012575069,5.92687834503023e-05,0.001766648172683595,0.003195751701940899,0.0003217310345926019,0.027681983937354115,0.03900969026995619,0.016228931950459404,4.9198890860204445e-05,6.425300676384623e-05,3.397819507248601e-05,,,,,,,,,,,False
Dadra & Nagar Haveli,220490,121666,98824,116586,49517,67069,103904,72149,31755,1228,880,348,26108,16321,9787,25077,16787,8290,15408,11124,4284,15159,11658,3501,10344,7630,2714,122,97,25,2544,2094,450,7896,5545,2351,18,13,5,0.5287586738627602,0.4069912711850476,0.6786711729944143,0.4712413261372398,0.5930087288149524,0.3213288270055857,0.005569413578847113,0.007232916344747094,0.003521411802800939,0.11840899814050523,0.1341459405257015,0.09903464745405974,0.11373304911787382,0.13797609849916986,0.0838865053023557,0.06988072021406866,0.0914306379760985,0.04334979357241156,0.06875141729783664,0.09581970312166094,0.03542661701610945,0.04691369223094018,0.06271267239820492,0.02746296446207399,0.0005533130754229216,0.0007972646425459866,0.0002529749858334008,0.011537938228491088,0.017211053211250472,0.004553549745001214,0.03581114789786385,0.04557559219502572,0.02378976766777301,8.163635539026713e-05,0.00010684990054740026,5.059499716668016e-05,,,,,,,,,,,False
Daman & Diu,158204,92512,65692,50604,21520,29084,107600,70992,36608,443,302,141,21565,12399,9166,27208,16449,10759,20664,14052,6612,15549,11627,3922,14280,10364,3916,58,43,15,1608,1270,338,6209,4474,1735,16,12,4,0.31986549012667187,0.23261847111726047,0.44273275284661756,0.6801345098733281,0.7673815288827396,0.5572672471533825,0.002800182043437587,0.0032644413697682463,0.002146380076721671,0.13631134484589516,0.1340258561051539,0.13952992754064422,0.17198048089808096,0.17780396056727776,0.16377945564147842,0.13061616646861016,0.15189380837080596,0.1006515252998843,0.09828449343885111,0.12568099273607747,0.0597028557510808,0.09026320447017774,0.11202870978900034,0.05961152042866711,0.0003666152562514222,0.00046480456589415427,0.0002283383060342203,0.010164091931935982,0.0137279488066413,0.005145223162637764,0.039246795276984145,0.04836129367001038,0.02641113073129148,0.0001011352431038406,0.00012971290210999655,6.0890214942458744e-05,,,,,,,,,,,False
Delhi,13850507,7607234,6243273,4185743,1906387,2279356,9664764,5700847,3963917,96319,54600,41719,1534913,852975,681938,1967466,1093728,873738,1531690,929152,602538,1691495,1077847,613648,1027524,618977,408547,8747,5019,3728,42848,31481,11367,1761915,1035757,726158,1847,1311,536,0.30220864839099393,0.2506018613335675,0.36508991357577986,0.6977913516090061,0.7493981386664325,0.6349100864242201,0.006954185864820689,0.007177378794973311,0.006682232220183227,0.11081998658966058,0.11212682559784543,0.10922764389767996,0.14205010690222386,0.14377472810748296,0.1399487095951114,0.11058728752673097,0.12214058355507403,0.09650995559540645,0.12212513231465101,0.14168710992720876,0.09828947092334421,0.07418674276688933,0.08136689366989368,0.06543795217668681,0.0006315292284968341,0.0006597667430763928,0.0005971226950991892,0.00309360516550044,0.0041382978359808574,0.001820679633903563,0.1272094227308791,0.1361542184715233,0.11631046728214511,0.00013335251915326998,0.00017233596337380973,8.585240466018385e-05,Delhi,62.85444444444444,11.335679561063428,28.77777777777778,66.75527777777778,51.13583333333334,80.80000000000001,68.13555555555556,45.155833333333334,36.0,True
Goa,1347668,687248,660420,362106,146216,215890,985562,541032,444530,18010,9796,8214,188906,97451,91455,193669,103532,90137,159258,88969,70289,154775,88654,66121,158096,86693,71403,469,255,214,14075,11713,2362,98297,53966,44331,7,3,4,0.26869080515379157,0.21275580285428258,0.3268980345840526,0.7313091948462084,0.7872441971457174,0.6731019654159475,0.013363825511921334,0.014253951994039997,0.012437539747433451,0.14017250539450368,0.14179888482760225,0.13848005814481693,0.1437067586378841,0.15064721905338394,0.1364843584385694,0.11817302184217478,0.12945690638604987,0.10643075618545773,0.11484653490325511,0.12899855656182338,0.10011962084733957,0.1173107916786627,0.12614514702116267,0.10811756155173981,0.0003480085599717438,0.00037104509580238867,0.0003240362193755489,0.01044396691173197,0.01704333806718972,0.0035765119166590955,0.07293858724849146,0.07852478290224199,0.06712546561279185,5.1941576115185636e-06,4.365236421204572e-06,6.056751764028951e-06,,,,,,,,,,,False
Gujarat,50671017,26385577,24285440,20843267,8552304,12290963,29827750,17833273,11994477,286886,168530,118356,8084263,4576820,3507443,8076854,4557086,3519768,4423384,2833064,1590320,4235270,2697364,1537906,2409406,1492908,916498,17477,13673,3804,407351,293339,114012,1875741,1192415,683326,11118,8074,3044,0.411344950901617,0.3241279885598105,0.5061041924708797,0.588655049098383,0.6758720114401895,0.4938958075291203,0.0056617375569943664,0.006387201613972664,0.004873537395245876,0.15954412361607032,0.1734591591459228,0.1444257546908765,0.15939790590743422,0.17271125054418934,0.14493326042270596,0.08729613617188697,0.1073716902230336,0.06548450429557792,0.08358367861454212,0.10222872897568243,0.06332625639066042,0.04754998306033605,0.05658045681547915,0.0377385791651294,0.0003449111747648562,0.0005181997725499806,0.00015663706319506666,0.00803913211372884,0.011117399479268542,0.004694664786802298,0.0370180255115069,0.04519192436079757,0.028137270726822327,0.00021941537111836535,0.0003060005092933916,0.00012534259210456966,Gujarat,51.34400000000001,5.805518830293194,57.4,67.102,30.163,72.626,62.385000000000005,14.0,10.0,True
Haryana,21144564,11363953,9780611,9050887,3883744,5167143,12093677,7480209,4613468,169982,93084,76898,2687232,1541553,1145679,3226643,1854447,1372196,2018523,1275057,743466,2239510,1559586,679924,831595,555791,275804,16446,6768,9678,103467,76712,26755,798689,516179,282510,1590,1032,558,0.4280479370489739,0.34175994920077546,0.5283047245207891,0.5719520629510261,0.6582400507992245,0.47169527547921086,0.008039040199646585,0.008191163761412951,0.00786228999394823,0.12708855098643793,0.13565288416803553,0.11713777390799,0.15259917395317302,0.16318678896331232,0.14029757445623797,0.09546297573220237,0.112201889606548,0.07601426945617201,0.10591421984392774,0.13723974395177452,0.06951753832148114,0.03932902092471616,0.04890824522065517,0.02819905627572756,0.0007777885606910598,0.000595567405109824,0.000989508733145608,0.004893314423508567,0.0067504679049622965,0.002735514171865132,0.03777278169462373,0.0454224863478404,0.028884698512189066,7.519663209891678e-05,9.08134695734838e-05,5.705165045414852e-05,,,,,,,,,,,False
Himachal Pradesh,6077900,3087940,2989960,2036279,809554,1226725,4041621,2278386,1763235,59560,30710,28850,816877,440504,376373,1109971,562768,547203,690693,391813,298880,812699,508847,303852,289868,171923,117945,6172,2692,3480,34456,24401,10055,220770,144396,76374,555,332,223,0.3350300268184735,0.2621663633360752,0.4102814084469357,0.6649699731815265,0.7378336366639248,0.5897185915530643,0.009799437305648332,0.009945141421141602,0.009648958514495177,0.1344011912009082,0.14265303082313777,0.12587894152430132,0.1826240971388144,0.18224706438596605,0.18301348513023585,0.11364007305154741,0.12688491356697346,0.09996120349436113,0.13371378272100562,0.16478526137165878,0.10162410199467552,0.04769213050560226,0.055675628412469154,0.03944701601359216,0.001015482321196466,0.0008717785967343925,0.0011638951691661428,0.005669063327794139,0.007902031775228793,0.003362921243093553,0.03632340117474786,0.046761271268224124,0.025543485531579018,9.131443426183386e-05,0.00010751504239072003,7.458293756438213e-05,Himachal Pradesh,49.86000000000001,3.5531957446783053,69.5,59.79333333333333,37.403333333333336,64.28,67.00333333333333,11.411666666666667,6.0,True
Jammu and Kashmir,10143700,5360926,4782774,5336414,2300298,3036116,4807286,3060628,1746658,246932,135290,111642,860480,496517,363963,1031707,617935,413772,1074049,710489,363560,914050,638612,275438,339163,225426,113737,1087,807,280,7493,6317,1176,331548,228649,102899,777,586,191,0.5260816073030551,0.4290859452266269,0.634802313469129,0.4739183926969449,0.5709140547733731,0.365197686530871,0.024343385549651507,0.025236311786433912,0.023342520470337927,0.08482900716701007,0.09261776790054554,0.07609872429682021,0.10170913966304208,0.11526646702454016,0.08651297343340915,0.10588335617181108,0.1325310216928941,0.0760144635728136,0.09011011760994508,0.11912344994129745,0.05758959131248936,0.033435827163658234,0.042049824974267506,0.02378055078496287,0.00010716010923035973,0.0001505336951116281,5.854343107159151e-05,0.0007386850951822313,0.0011783412044859415,0.00024588241050068434,0.032685114898902766,0.042651027080023114,0.02151450183512748,7.659926851148989e-05,0.00010930947377374729,3.993498333812135e-05,Jammu and Kashmir,49.13444444444444,3.283340947537703,78.55555555555556,68.55000000000001,25.224444444444444,77.51666666666667,51.78222222222222,3.1822222222222223,9.0,True
Jharkhand,26945829,13885037,13060792,15168628,6238180,8930448,11777201,7646857,4130344,317100,199931,117169,3147802,1864147,1283655,3087105,1924134,1162971,1906603,1279861,626742,1747816,1224552,523264,733016,520850,212166,8336,7101,1235,19614,18092,1522,808678,607692,200986,1131,497,634,0.5629304631896833,0.4492735597319618,0.6837600660051856,0.43706953681031674,0.5507264402680382,0.3162399339948144,0.01176805508563125,0.014399025368099488,0.008971048616347309,0.1168196383937566,0.13425581797153296,0.09828309033632876,0.11456708197769681,0.13857608013576053,0.08904291562104351,0.07075688782853926,0.09217555559988785,0.04798652332875372,0.06486406486139283,0.08819220287277592,0.04006372661014738,0.027203319667767505,0.037511603318017804,0.016244497270915884,0.0003093614228755033,0.0005114138334669184,9.455781854576659e-05,0.0007279048642370587,0.001302985364749118,0.00011653198366530912,0.03001124960749955,0.04376596187680307,0.015388500176712101,4.197310092036879e-05,3.5793926944523086e-05,4.854223235466884e-05,Jharkhand,55.38199999999999,2.1255046459605786,35.2,54.712,55.326,71.446,57.470000000000006,23.404,5.0,True
Karnataka,52850562,26898918,25951644,22415600,9237707,13177893,30434962,17661211,12773751,538542,318906,219636,7676809,4205270,3471539,8469455,4606498,3862957,3815098,2239919,1575179,5170384,3083899,2086485,2051687,1301965,749722,69039,54661,14378,416951,327689,89262,2226959,1522376,704583,38,28,10,0.42413172446491676,0.3434229956758855,0.5077864431247593,0.5758682755350832,0.6565770043241145,0.4922135568752407,0.010189901102659988,0.011855718508826265,0.00846327885817176,0.14525501166856086,0.15633602808856475,0.13376952149929308,0.16025288434964988,0.1712521670946021,0.14885211125738315,0.07218651714621313,0.08327171375443429,0.06069669420557711,0.09783025580692974,0.11464769698171502,0.080398952759987,0.038820533261311393,0.04840213275493089,0.02888919098921055,0.0013063058818560908,0.002032089171765199,0.0005540304113296252,0.007889244394411549,0.012182237218612288,0.0034395508816320074,0.042136902915053204,0.056596179816600804,0.02714984068061353,7.190084374126428e-07,1.0409340628496655e-06,3.85332042933388e-07,Karnataka,58.06612903225806,12.68120937382534,45.45161290322581,68.20483870967742,42.821290322580644,75.07709677419355,63.78774193548387,33.63580645161291,31.0,True
Kerala,31841374,15468614,16372760,6355686,2715012,3640674,25485688,12753602,12732086,285154,136951,148203,4931086,2408299,2522787,6055241,3098641,2956600,6034912,3088153,2946759,4531201,2248934,2282267,1565787,680945,884842,50052,16129,33923,588404,375193,213211,1443049,699841,743208,802,516,286,0.19960464017664564,0.17551747040814386,0.22236165435760372,0.8003953598233543,0.8244825295918561,0.7776383456423963,0.008955455251397128,0.008853475818841947,0.009051803116884386,0.1548641085651643,0.15568938497010787,0.15408440605004897,0.1901689606736192,0.2003179470377889,0.18058042749053915,0.1895305146065619,0.1996399289554966,0.17997936817005808,0.14230544825107108,0.14538691055320146,0.13939415223822985,0.04917460534209359,0.044021073898411325,0.05404354549874303,0.001571917091266225,0.0010426919955465951,0.0020719170133807617,0.018479227686594178,0.024255114259105568,0.01302230045514623,0.04531993500029239,0.045242644234318605,0.045392957570989864,2.5187355294404067e-05,3.335786903726475e-05,1.7468038375936617e-05,Kerala,51.0355,3.7334074671524204,57.4,66.135,30.2725,76.7415,57.3575,10.3025,20.0,True
Lakshadweep,60650,31131,29519,15967,6620,9347,44683,24511,20172,2488,1142,1346,12358,6455,5903,12994,6985,6009,9162,4802,4360,5295,3312,1983,626,481,145,114,61,53,683,510,173,959,759,200,4,4,0,0.2632646331409728,0.2126497703253991,0.3166435177343406,0.7367353668590272,0.7873502296746009,0.6833564822656594,0.041022258862324815,0.03668369149722142,0.045597750601307635,0.20375927452596868,0.20734958722816485,0.19997289881093533,0.2142456718878813,0.22437441778291736,0.20356380636200413,0.15106347897774114,0.1542513892904179,0.14770148040245265,0.08730420445177246,0.1063891298063024,0.0671770723940513,0.01032151690024732,0.015450836786482926,0.004912090517971476,0.0018796372629843363,0.001959461629886608,0.0017954537755344015,0.011261335531739488,0.0163823841187241,0.005860632135234934,0.015812036273701566,0.024380842247277632,0.006775297266167553,6.595218466611707e-05,0.00012848928720567924,0.0,,,,,,,,,,,False
Madhya Pradesh,60348023,31443652,28904371,28755460,11771378,16984082,31592563,19672274,11920289,1470687,747050,723637,10199261,5856136,4343125,8426081,5214064,3212017,4733325,3151625,1581700,2831003,1963617,867386,1918204,1336883,581321,6912,5607,1305,69071,62109,6962,1931049,1331211,599838,6970,3972,2998,0.47649381985554023,0.3743642118924354,0.5875956269728201,0.5235061801444597,0.6256357881075646,0.41240437302717986,0.024370094112279368,0.023758372596160267,0.02503555604098771,0.16900737576771985,0.18624223420358424,0.1502584159330089,0.13962480593606189,0.1658224687132398,0.11112564947356925,0.07843380387125523,0.10023088285037629,0.05472182736652529,0.046911279927098856,0.06244875754253991,0.03000881769750326,0.03178569743701463,0.04251678526400178,0.020111871661209996,0.0001145356493285621,0.00017831898152288416,4.514888076962478e-05,0.0011445445362808322,0.0019752476588915306,0.0002408632244583354,0.0319985461661271,0.0423363990925736,0.020752501412329642,0.00011549674129341403,0.00012632120467431709,0.00010372133681788128,Madhya Pradesh,53.516,3.955935624686868,47.3,66.003,41.513999999999996,68.582,63.206,12.258,10.0,True
Maharashtra,96878627,50400596,46478031,32912684,13215633,19697051,63965943,37184963,26780980,1261736,718887,542849,16071905,8673106,7398799,16278061,8563920,7714141,9535895,5713721,3822174,10487706,6674318,3813388,4964518,3250832,1713686,15050,10325,4725,464379,403659,60720,4886347,3175958,1710389,346,237,109,0.3397311153057526,0.2622118397171335,0.4237927161759499,0.6602688846942474,0.7377881602828665,0.5762072838240501,0.013023883998686314,0.014263462281279372,0.011679690131451566,0.16589732428804962,0.17208340155342608,0.1591891661675599,0.16802530655187753,0.16991703828264254,0.16597392002255862,0.09843135989117599,0.1133661395591433,0.08223614292094258,0.10825613785794054,0.1324253784617944,0.08204710737423451,0.05124471881708233,0.06449987218405116,0.03687088207329609,0.00015534902244227717,0.00020485868857582557,0.00010166093309761767,0.004793410212141012,0.008009012433106942,0.0013064236735846233,0.050437822575664704,0.06301429451350139,0.03679994533331242,3.5714791870450435e-06,4.702325345517739e-06,2.3451940121990107e-06,Maharashtra,53.61912280701754,9.96925278055012,57.719298245614034,66.48280701754386,37.2240350877193,72.67859649122808,59.619473684210526,20.06842105263158,57.0,True
Manipur,2166788,1095634,1071154,856254,342168,514086,1310534,753466,557068,37486,21376,16110,209287,110301,98986,259393,139630,119763,307529,181974,125555,218159,131373,86786,129602,74868,54734,142,117,25,2278,1727,551,146306,91875,54431,352,225,127,0.39517202421279796,0.3123013707132126,0.4799365917505793,0.604827975787202,0.6876986292867874,0.5200634082494208,0.017300261954561313,0.019510164890830333,0.015039854213306397,0.09658859103890183,0.10067321751606832,0.092410615093628,0.11971314221788196,0.12744219328717438,0.11180745252316661,0.14192851354170322,0.16609013593955646,0.11721470488837273,0.1006831309754346,0.11990591748704403,0.08102102965586648,0.05981295816665036,0.06833303822261813,0.051098161422167124,6.553479159013249e-05,0.00010678748560194371,2.3339314421642454e-05,0.0010513257411431114,0.0015762563045688615,0.0005143984898529996,0.06752206491821074,0.08385555760409041,0.050815288931376816,0.00016245244112483547,0.00020536054923450716,0.00011856371726194366,,,,,,,,,,,False
Meghalaya,2318822,1176087,1142735,1160947,561815,599132,1157875,614272,543603,44773,24987,19786,466756,240076,226680,259627,132392,127235,150587,81046,69541,129021,74479,54542,53734,30166,23568,91,77,14,1549,1285,264,51642,29707,21935,95,57,38,0.5006624053075225,0.4776985035970978,0.5242965341920918,0.49933759469247746,0.5223014964029021,0.47570346580790823,0.019308510959444063,0.021245877218267015,0.017314600497928215,0.20129013783722943,0.20413115696372802,0.19836620038766642,0.11196504086988997,0.11256990341700912,0.11134252473233076,0.06494116409107728,0.06891156861694755,0.060854878865178715,0.055640752071525974,0.06332779802854721,0.047729351074396076,0.02317297317344755,0.025649463007413567,0.020624204211825137,3.924406444306635e-05,6.547134693266739e-05,1.225130935868771e-05,0.0006680116024429646,0.0010926062442659428,0.00023102469076382537,0.022270790944712446,0.025259185757516237,0.01919517648448678,4.09690782647396e-05,4.846580227483171e-05,3.3253553973580924e-05,Meghalaya,42.79,,90.0,55.53,16.31,74.61,51.63,11.62,1.0,True
Mizoram,888573,459109,429464,227128,109004,118124,661445,350105,311340,14841,7018,7823,239221,118903,120318,174269,93007,81262,123034,65909,57125,57269,31931,25338,25245,14852,10393,37,28,9,1063,834,229,26419,17585,8834,47,38,9,0.25560983734594683,0.23742509948617865,0.27504982955498014,0.7443901626540532,0.7625749005138214,0.7249501704450199,0.01670206049474832,0.015286130308924461,0.01821572937428981,0.269219298808314,0.25898642805956756,0.2801585231823855,0.19612232197017015,0.2025815220350723,0.1892172568597135,0.1384624560953349,0.1435585013580653,0.1330146415066222,0.06445052910678133,0.0695499325868149,0.05899912449006203,0.028410721460138896,0.032349616322049884,0.024199932939664326,4.163979774312296e-05,6.098769573238599e-05,2.0956354898198686e-05,0.0011963001351605327,0.0018165620800289256,0.0005332228079652777,0.0297319409885288,0.038302451051928844,0.0205698265745208,5.28937971331562e-05,8.276901563680956e-05,2.0956354898198686e-05,,,,,,,,,,,False
Nagaland,1990036,1047141,942895,857713,406940,450773,1132323,640201,492122,32467,18164,14303,229652,121699,107953,310520,166630,143890,229783,129968,99815,184401,111442,72959,85536,51450,34086,456,342,114,1779,1484,295,57511,38902,18609,218,120,98,0.4310037607359867,0.3886200616726878,0.4780733803869996,0.5689962392640133,0.6113799383273122,0.5219266196130004,0.016314780235131426,0.017346279058885097,0.0151692394169022,0.11540092742040847,0.11622026069077612,0.11449100907312054,0.15603737821828348,0.15912852232889363,0.15260447875956495,0.11546675537527964,0.12411700048035555,0.10586014349423849,0.09266214279540672,0.10642501821626696,0.07737765074584127,0.042982137006566716,0.04913378427547006,0.0361503666898223,0.00022914158336834108,0.0003266035806066232,0.00012090423642081037,0.0008939536772199096,0.0014171921450883882,0.0003128662258257812,0.02889947719538742,0.037150679803388466,0.01973602575048123,0.00010954575696118061,0.00011459774758127129,0.0001039352207828019,,,,,,,,,,,False
Odisha,36804660,18660570,18144090,16967605,6668237,10299368,19837055,11992333,7844722,427084,278436,148648,5755797,3328385,2427412,5798954,3280957,2517997,2875760,1783236,1092524,2616294,1665245,951049,1021802,664408,357394,8944,7495,1449,145863,116593,29270,1185640,866710,318930,917,868,49,0.4610178439360668,0.3573436931454934,0.5676431278724918,0.5389821560639332,0.6426563068545066,0.4323568721275082,0.011604074049318755,0.014921087619510016,0.008192640137918187,0.15638772372846266,0.17836459443629,0.13378527112685176,0.15756031980732874,0.1758229786121217,0.13877780588610397,0.07813575780892963,0.09556171113744114,0.060213766576334225,0.07108594400817722,0.0892386995681268,0.052416461779014545,0.027762843074762816,0.03560491453369324,0.019697543387406036,0.00024301270545631993,0.00040164903858778164,7.986071497661221e-05,0.003963166620748569,0.006248094243637788,0.0016131974654005794,0.03221439893752585,0.046446062472904094,0.017577624449614172,2.491532322265713e-05,4.651519219402194e-05,2.7006038880979976e-06,Odisha,54.205499999999994,4.8791538038993245,43.9,64.0005,40.1325,71.73949999999999,66.90650000000001,19.27,20.0,True
Pondicherry,974345,486961,487384,277978,108203,169775,696367,378758,317609,10668,6038,4630,96631,48838,47793,182684,90538,92146,141966,74858,67108,125899,73213,52686,54479,29288,25191,1219,835,384,14451,11628,2823,68364,43519,24845,6,3,3,0.2852973022902565,0.222200545834266,0.3483392971455772,0.7147026977097435,0.777799454165734,0.6516607028544228,0.010948893872293695,0.012399350255975324,0.009499696338000426,0.09917534343584665,0.10029139910588322,0.09806025638921262,0.18749416274522884,0.18592454015824675,0.18906242305861498,0.145704037071058,0.1537248362805235,0.13769019910378674,0.12921398477951854,0.15034674234692305,0.10809956830753574,0.05591345981146308,0.06014444688589025,0.05168614480573839,0.0012510968907317223,0.0017147163735904928,0.0007878797826764933,0.014831502188649811,0.023878708972587127,0.005792147464832658,0.07016405893189784,0.08936855312848462,0.050976232293222595,6.157983055283293e-06,6.160657629666442e-06,6.155310802160104e-06,Pondicherry,51.992,5.619049741726797,52.4,66.062,31.112000000000002,70.05199999999999,67.73,20.564,5.0,True
Punjab,24358999,12985045,11373954,9602029,4542752,5059277,14756970,8442293,6314677,245444,125467,119977,2705535,1538004,1167531,3785055,1997111,1787944,2498421,1480902,1017519,3251624,1995039,1256585,1151238,672735,478503,19906,8343,11563,129741,81951,47790,966747,540747,426000,3259,1994,1265,0.39418816019492425,0.3498449177496112,0.4448125075941049,0.6058118398050757,0.6501550822503888,0.555187492405895,0.010076111912480475,0.0096624231952989,0.01054839856043026,0.1110692192236635,0.11844425645040121,0.10264952715651919,0.15538631123553148,0.15380085321229153,0.15719634526392492,0.1025666530878383,0.1140467360721507,0.0894604462089437,0.13348758707203034,0.15364128503212734,0.11047917021644364,0.04726130166514642,0.05180844579283322,0.04207006639907283,0.0008171928575554356,0.0006425083625047122,0.0010166209569688783,0.005326204085808288,0.006311183365171241,0.004201705053493271,0.03968746827404525,0.041643829497702935,0.03745399357162865,0.0001337903909762466,0.00015356126990703536,0.00011121901846974236,Punjab,51.29794117647059,4.1541157243125,57.029411764705884,61.73147058823529,35.31235294117647,68.82529411764706,65.54117647058824,18.671764705882353,34.0,True
Rajasthan,56507188,29420011,27087177,28805178,11372854,17432324,27702010,18047157,9654853,1745915,864680,881235,8994262,5247851,3746411,7047927,4591114,2456813,4330343,3163807,1166536,2903808,2190474,713334,1168642,871281,297361,7034,5456,1578,32231,26280,5951,1471813,1086184,385629,35,30,5,0.5097613068270181,0.38656865220070785,0.6435637054389242,0.4902386931729818,0.6134313477992921,0.3564362945610759,0.030897219659913,0.029390879561533814,0.03253329056771032,0.1591702280424926,0.17837692174894157,0.13830939266945388,0.12472620297438973,0.1560541224814634,0.09070022320893757,0.07663348953057088,0.10753928678000835,0.04306598653672917,0.0513882941759551,0.0744552406863478,0.026334748726306915,0.02068129810317229,0.029615250653713215,0.010977925089794333,0.0001244797387546519,0.00018545200407980812,5.825634764375778e-05,0.0005703876115725312,0.0008932695504430641,0.00021969805122180137,0.0260464739459341,0.036919904618662444,0.014236588774090411,6.19390226956613e-07,1.019714098679297e-06,1.845891877178637e-07,Rajasthan,51.27315789473685,5.583364231388714,64.52631578947368,61.06421052631579,37.87421052631579,69.83,63.416315789473686,12.823684210526316,19.0,True
Sikkim,540851,288484,252367,222516,99424,123092,318335,189060,129275,7680,5504,2176,109121,63583,45538,84475,48077,36398,47836,27788,20048,35862,22157,13705,18132,11421,6711,46,38,8,654,555,99,14348,9761,4587,181,176,5,0.4114183018983047,0.3446430304626946,0.48774998315944634,0.5885816981016952,0.6553569695373054,0.5122500168405536,0.014199844319415143,0.019079047711484866,0.008622363462734827,0.2017579703097526,0.2204039045492991,0.18044356037041293,0.15618904282325446,0.16665395654525034,0.14422646384035948,0.08844580115410713,0.09632423288639924,0.07943986337357896,0.066306616794644,0.07680495278767627,0.054305832379035295,0.033524944947869194,0.03958971728068108,0.026592224815447346,8.505115087149696e-05,0.00013172307649644347,3.169986567181922e-05,0.0012092054928251959,0.001923850196198056,0.0003922858376887628,0.026528563319657354,0.03383549867583644,0.01817591047957934,0.00033465778929871626,0.0006100858279835277,1.981241604488701e-05,,,,,,,,,,,False
Tamil Nadu,62405679,31400909,31004770,21881134,8591247,13289887,40524545,22809662,17714883,4184273,2372243,1812030,6492687,3432035,3060652,11652060,6365777,5286283,6967676,3793706,3173970,6005920,3626919,2379001,2549494,1416016,1133478,36055,27213,8842,438918,383604,55314,2196698,1391600,805098,764,549,215,0.35062728826330053,0.27359867193653536,0.4286400769946044,0.6493727117366995,0.7264013280634647,0.5713599230053956,0.06704955489707916,0.07554695311527447,0.058443587873736845,0.10404000251323281,0.10929731365420027,0.09871552022479121,0.18671473793274487,0.2027258828717347,0.170499023214815,0.11165131301591959,0.12081516493678575,0.1023703772032497,0.09623995918704771,0.11550363080253505,0.07673016119777698,0.0408535575744637,0.04509474550561578,0.036558181208891406,0.0005777519062007161,0.0008666309628170318,0.0002851819252327948,0.007033302209563332,0.012216334246884382,0.0017840480674425258,0.035200290024887,0.04431718839731678,0.025966907672593603,1.2242475560597618e-05,1.7483570300464868e-05,6.934416865533916e-06,Tamil Nadu,54.69866666666667,9.868023287138394,51.13333333333333,63.70255555555555,41.64633333333333,71.85611111111112,60.94444444444444,26.293888888888887,90.0,True
Tripura,3199203,1642225,1556978,1177104,491518,685586,2022099,1150707,871392,27812,15172,12640,648085,348424,299661,641795,353322,288473,388737,225256,163481,159611,101656,57955,52876,35483,17393,116,100,16,3090,2814,276,99850,68402,31448,127,78,49,0.36793663921920555,0.2993000350134726,0.44033120570746664,0.6320633607807945,0.7006999649865274,0.5596687942925334,0.008693415203724178,0.009238685320221042,0.008118290688757324,0.20257701683825627,0.21216581162751755,0.1924632204180149,0.20061090215281743,0.21514835056097673,0.18527750552673192,0.12151057622789176,0.137165126581315,0.10499891456398228,0.049890863443176316,0.06190138379332917,0.03722274816985211,0.01652786647174312,0.021606661693738677,0.011170999204869947,3.625903076484987e-05,6.0892995783160044e-05,1.0276317327540915e-05,0.0009658655608912594,0.0017135289013381237,0.0001772664739000808,0.031210898464398788,0.04165202697559713,0.02019810170728167,3.969738713048219e-05,4.749653671086483e-05,3.1471221815594054e-05,,,,,,,,,,,False
Uttar Pradesh,166197921,87565369,78632552,90478637,38663956,51814681,75719284,48901413,26817871,3272335,1961714,1310621,19226939,11278968,7947971,18694554,11368153,7326401,14329834,9819868,4509966,9121682,6561958,2559724,5961518,4205753,1755765,30477,21973,8504,95153,83190,11963,4969397,3588610,1380787,17395,11226,6169,0.5444029411174163,0.4415439167509247,0.6589469587607941,0.4555970588825837,0.5584560832490754,0.3410530412392059,0.019689385885880005,0.02240285197679005,0.01666766455703994,0.11568700068155485,0.12880626358121097,0.10107736297303438,0.11248368142944459,0.12982475983170927,0.09317262143545843,0.08622149972622101,0.11214328349372912,0.05735494887664335,0.05488445309734049,0.07493782159474484,0.032552981365783475,0.035869991418244034,0.04802986669307589,0.02232872970980263,0.00018337774514038597,0.0002509325347558348,0.0001081485947448329,0.0005725282207350836,0.0009500331118344285,0.0001521380102225348,0.029900476312215724,0.0409820690643124,0.01755999220272032,0.00010466436580756025,0.00012820136691252907,7.845351375598238e-05,Uttar Pradesh,57.13926829268293,10.257583874929784,44.951219512195124,66.65317073170732,42.14731707317073,77.38609756097561,62.238292682926826,27.990243902439023,41.0,True
Uttarakhand,8489349,4325924,4163425,3383567,1317049,2066518,5105782,3008875,2096907,109432,60951,48481,1156890,625981,530909,1275501,696187,579314,977893,613423,364470,643644,423212,220432,458895,283781,175114,1481,1018,463,20619,16852,3767,460155,286826,173329,1272,644,628,0.39856613269168223,0.30445495575049397,0.49635048067396437,0.6014338673083177,0.695545044249506,0.5036495193260356,0.012890505502836554,0.014089706615280343,0.011644499420549187,0.13627546705878155,0.14470457640957168,0.12751736851270287,0.15024720976838155,0.1609337103471998,0.1391436137314831,0.11519057586158844,0.14180161278838926,0.08754090682551025,0.07581782772742644,0.09783158465104796,0.05294487110972337,0.05405538163173643,0.06560008913702599,0.04206008274437512,0.00017445389511021398,0.00023532544723393198,0.00011120651867152644,0.0024288081453595557,0.0038955839261161315,0.0009047839218912314,0.054203802906441945,0.06630398499834948,0.04163134918966956,0.00014983481065509264,0.0001488699292914069,0.00015083735145943544,Uttarakhand,57.216,10.745450731754877,54.266666666666666,67.82066666666667,45.23133333333333,66.7,66.382,33.184666666666665,15.0,True
West Bengal,80176197,41465985,38710212,32979796,14013559,18966237,47196401,27452426,19743975,892580,522069,370511,16347698,8924186,7423512,11449999,6340039,5109960,8050643,4770466,3280177,4859685,3073368,1786317,2287115,1521602,765513,5196,4228,968,95799,87427,8372,3186374,2193106,993268,21312,15935,5377,0.411341485802825,0.3379531198885062,0.48995435623034045,0.588658514197175,0.6620468801114938,0.5100456437696596,0.011132730578378517,0.012590295395129285,0.009571401985605245,0.20389714917508497,0.2152170266786138,0.1917714116368053,0.14281045283302723,0.1528973446549021,0.13200547700436258,0.10041188409073581,0.11504528350164599,0.08473673561901443,0.06061256559724328,0.07411781005563958,0.04614588522532504,0.02852610981286628,0.03669518522229726,0.019775479400629476,6.480726443036453e-05,0.00010196309095274115,2.500632132936911e-05,0.001194855874742974,0.0021084028270400425,0.00021627367992714687,0.03974214441725142,0.05288927780203461,0.025659068981590698,0.0002658145534141511,0.00038429088323839407,0.0001389039150702662,West Bengal,57.43933333333334,9.973846120568613,41.6,63.737,45.544666666666664,78.24,54.525333333333336,35.550666666666665,30.0,True
